{
  "ts": "2025-04-23T14:43:05.439411",
  "RMSE": 2.442068797180762,
  "KS": {
    "SP500_Returns": 0.3611111111111111,
    "GS10_Level": 0.1111111111111111,
    "FEDFUNDS_Level": 0.3611111111111111,
    "FEDFUNDS_BpsChange": 0.2777777777777778,
    "Inflation_YoY": 0.19444444444444445
  }
}