{
  "timestamp": "2025-04-22T08:29:56.110147",
  "VAR": {
    "MSE_val": 4.39341426061562,
    "MSE_test": 10.37158259303724
  },
  "VAE": {
    "RMSE": 3.1367535876911856,
    "KS": {
      "SP500_Returns": 0.4722222222222222,
      "GS10_Level": 0.5833333333333334,
      "FEDFUNDS_Level": 0.8611111111111112,
      "FEDFUNDS_BpsChange": 0.5555555555555556,
      "Inflation_YoY": 0.9444444444444444,
      "Inflation_YoY_diff": 0.5555555555555556
    }
  }
}